-0.7055949795952211,-0.11565749865197394
-0.3727857388040069,0.1841304640398418
-0.46458361816217153,-0.45490659063108074
-0.6996396978841458,0.02399466822251961
-0.5695022681753605,0.21561975982858206
-0.9824029813621226,-0.4234284889842127
-0.3314069656886819,-0.22116474552535648
-0.7765012387450315,-0.22775989050067302
-0.8201347611131805,-0.4579130985273514
-0.09100932714367571,0.1433780979317204
-0.4945039283158068,-0.12032719010162418
-0.4161821968657884,-0.38120370892152067
-0.3849960706314529,-0.21067313492055928
-0.8872042969998889,-0.47820461449077534
-0.14428271854925395,0.18802138450322745
-0.8126344491556768,-0.20847241205680722
0.02993217931487746,0.2042128097690536
-0.6094955504186809,-0.41955779576239305
-0.12197584091035718,0.056469474116055574
-0.5271811154377508,0.16994132006969012
-0.9732987543145085,-0.421458466704681
-0.6014063814374695,0.11629081456221069
-1.0160794894166645,-0.42593984707070076
-0.012938478419426636,0.2010158163990837
-0.6481276406978879,0.009607491015004244
-0.7124212231854171,-0.005525852263116193
-0.6344842161544738,-0.08378404352654789
-0.21610639799876985,-0.14364172221472682
-0.6168631788776467,0.06914715166622076
-0.29907281597886837,-0.09606609898904439
-0.6119830644046341,-0.39508385993663364
-0.9743307321065672,-0.42282651717611264
-0.46548245108178865,-0.3503566630648599
0.05202310638530616,0.2058601963759574
-0.26420289425028975,-0.16105901536866818
-0.40832228993990094,0.0913091034815895
-0.7641186406714017,-0.2615424880106483
-0.22977330847772803,-0.05951188885818309
-0.16457803129026993,0.03394029691331196
-0.42748306178674755,-0.25717271156873367
-0.491642563446116,0.1653174187796034
-0.5528199632158896,-0.2889917371194657
-0.4798748345978009,-0.19643576448825117
-0.7216821481231285,-0.35457244537372345
0.040172803609174246,0.20497648379934547
-0.8694330280433694,-0.28376794963708263
-0.377253633986803,-0.32408403840917266
-0.18147984177992443,0.09915349168973725
-0.32580019389886206,0.17881559284230927
-0.4994023694091553,0.1922778312525148
-0.6835532009777872,-0.4011423656308689
-0.4224006054780788,-0.12306898363335073
-0.4897764973163746,0.21952708232974213
-0.2869199138689815,-0.033680207446106114
-0.536295483974996,0.16198751673412132
-0.3770691905215394,-0.3782869348720733
-0.6713387070352265,-0.36084094667953603
-0.4087648183679653,-0.3806505727875461
-0.28442402573910497,-0.15553889441199154
-0.5263834979343887,-0.3448180615208274
-0.3765888811305055,-0.28106055064444935
-0.5699771410698392,-0.3926726586167293
-0.7822610015270094,-0.476164290588996
-0.8346680277875814,-0.23768142010588011
-0.7324902833523504,-0.022730468305671547
-0.4558306846380479,-0.3211135461578044
-0.6458616445406136,0.009938283683937565
-0.7148375624626261,-0.3873863367899042
-0.012938478419426636,0.2010158163990837
-0.12021615103449956,0.05880222253638584
-0.599986182020063,-0.4203954494917871
-0.4919359827294846,-0.00268930135047718
-0.40644897024335813,-0.380477873055573
-0.3637811178607482,-0.26408182618544274
-0.5728204381952748,-0.39288469180071284
-0.7690566710403838,-0.2598795171343107
-0.4942855194770456,-0.36580562732235133
-0.4542738516716257,-0.3840443177272026
-0.4871648333228955,0.21673430002826372
-0.11472473584649451,0.19342531027330526
-0.4224975853012477,0.054857531543801075
-0.3504173606929887,0.13772732161522505
-0.6853024562764957,-0.42563794360769247
-0.4905645601655395,-0.1860021622765059
-0.36823236570298645,-0.2699826621878201
-0.20800390841252847,-0.012244566393502687
-0.30174060867383534,0.23565571827818133
-0.3282260040270101,0.17750388114377025
-0.532995358854368,0.16223361695017366
-0.0021057127374493056,0.2735404381060931
-0.6884608162545531,-0.37816334687340025
-0.5438413045778964,0.14785559324232145
-0.2516189374128861,0.15668154116313898
-0.3685835387503448,0.10094291002086714
-0.718453726525414,-0.3217026898665205
-0.5189146327548063,-0.4674996265639123
-0.9559400406227899,-0.39844673463820734
-0.1771148262727979,0.17652992532134182
-0.5912079793221318,-0.3267291295886393
-0.48579682805491353,0.0745829427673671
-0.4990310109935895,-0.154074076176399
-0.28021407288368183,0.22695433616062627
-0.8688556739850631,-0.25765764035595273
-0.3501476861735914,-0.1393205784133844
-0.38719945022144076,-0.3790423786839545
-0.33084698326845663,-0.22042239988586898
-0.31997835352930304,0.019192755405422424
-0.8057643476110078,-0.21389083884593574
-0.4807310598293303,-0.455834874584211
-0.5521117496898958,-0.3913403828642187
-0.6631204990322562,-0.010267924008729667
-0.2684341038699961,-0.13768421526452312
-0.973885496493979,-0.42223628665527524
-0.12940979872755531,-0.00757835587102379
-0.5359073727227188,0.16201645935282408
-0.2597212497662792,0.20868638227804895
-0.48793569286124894,-0.04820508720747785
-0.588901353753619,-0.458187392695913
-0.3986588303779235,0.04856212795500703
-0.12389571411942868,0.09324058512832545
-0.49157965824251837,-0.3095925068828862
-0.23637489346698548,-0.1351437853093238
-0.36304158579430335,-0.11995361006761684
-0.37394627912575285,-0.3280411944642877
-0.5005913172089426,-0.2436208127163524
-0.4933161816877375,-0.11628414435090872
-0.06305475137411998,0.23129712018645976
-0.3245500722378506,0.04986264101125465
-0.11404619042783837,0.09051409604948774
-0.8741391907127148,-0.4685158714829937
-0.4227721172513622,-0.34228376536241834
-0.38470172247165935,0.2648162927519965
-0.05040972985430758,0.19764269686083752
-0.4105641038843352,-0.07371948167399195
0.049830406788248516,0.20569668019858556
-0.519501520143919,-0.21501131842495225
-1.0106876183697282,-0.42553775909491975
-0.6172553780313277,0.12040299033952145
-0.22180791702151403,0.1731458055914346
-0.4542738516716257,-0.3840443177272026
-0.916427911979718,-0.29109755316297203
-0.05607012722255955,0.15082439256835417
-0.7055231308269808,-0.16496946543159308
-0.5575346827926263,0.12970284551236833
-0.4542738516716257,-0.3840443177272026
-0.8479951735564356,-0.33164970605501354
-0.5780309552402895,-0.15844224832899656
-0.8312340226781781,-0.23777658127693058
-0.6731273759134787,-0.36091408688672133
-0.5997582814197718,-0.3948935274645775
-0.2821363909948872,-0.06624252537319048
-0.4247794748293554,-0.2388888643432171
-0.5629918882622885,-0.056782494735582
-0.6490564098321275,-0.05493863567769802
-0.551518184081212,0.18420651015644787
-0.2767598809543427,-0.004392954808572491
-0.8087875481685328,-0.4104814660510837
-0.6306897901234936,0.03272413158870069
-0.05722124046545862,0.19771351818050897
-0.5935557377032089,-0.394430985199383
-0.754633429314668,-0.13158284801035014
-0.5567874957204442,-0.2222812500993574
-0.6335069506427926,-0.397410266825564
-0.44852741865733703,-0.09170546941096136
0.021210299414768707,0.20356239305776508
-0.6237709652650231,0.08751699878458269
-1.1125459145199112,-0.5163233918641742
-0.9070878148341047,-0.4178120114031938
-0.5895490144987863,0.15801624143745574
-0.9793766749272931,-0.4671888808802016
-0.3194397929936732,-0.2207686342173173
-0.4542738516716257,-0.3840443177272026
-0.3779451361903071,0.016070198110101463
-0.21166821867447583,-0.09564098601030802
-0.23620131433740266,0.232495877802462
-0.8312649462985734,-0.13227531816084248
-0.2737181934331956,-0.2067765238053949
-0.4180581967843796,-0.0482226231833604
-0.4691071205878965,-0.2444560436243295
-0.20990601294327516,-0.06009593477975195
-0.8811567202130456,-0.2993095656709429
-0.6186350956855163,0.15584720523351675
-0.36474631232721033,-0.26536134475166373
-0.3741196887771733,-0.34089043308692457
-0.4713195418434408,-0.3229890316615839
-0.6526966302815281,-0.2736462604093598
-0.002892951640589725,0.2730427581618874
-0.9107499718035771,-0.4180851094187118
-0.5223823014006889,0.16302506443681608
-0.5039317620623118,0.16440097642544788
-0.4730994885778912,-0.03800172579239469
-0.7352140375994775,-0.10583935992822047
-0.8000025825552758,-0.19172686657053395
-0.8706099013004339,-0.28532808206098936
-0.5822257534637404,0.006501763954900208
-0.5441272682817656,-0.22424192540150056
-0.9274156010673013,-0.26298673085921676
-0.3432565429174407,-0.15625976920418727
0.042925410820463916,0.29381346276910886
-1.0051059203989499,-0.425121515156785
-0.5205261025857784,0.1631634867428463
-0.4732649524446164,0.24213995379334616
-1.0895678589912463,-0.4836348518454152
-0.9480416082979536,-0.299930175526097
-0.5195017799524334,0.1801214989570804
0.014347719974660778,0.2649317275160533
-0.6573184539866342,-0.0025763917674231918
-0.7715054965892386,-0.09093912200235094
-0.24811811657295613,-0.18845574227842377
-0.3273574813390221,-0.19532726711230564
-0.4448998164564676,0.16880316544451895
-0.5523208402376019,0.16079245791229313
-0.9239640404887705,-0.41907052210443996
-0.0466272001313246,0.09681519839260799
-0.9062374355232977,-0.24244394857693885
-0.816267264415779,-0.4110392508977707
-0.0809757637398208,0.1959420722212331
-0.7754053332304721,-0.12547404868568068
-0.38629797955296963,-0.29393150269035795
-0.1929248528710127,0.2528881925716484
-0.4471711491558076,-0.37462855742695345
-0.5149520870506228,0.16357915777874324
-0.7340485836190423,-0.2394364770841323
-0.6343639715029307,-0.1805608712177038
-0.15018773385528772,0.019070129149239556
-0.7462123501293197,-0.12041937003811742
-0.929962875837662,-0.31443291487529423
-0.36113487202461025,0.17504976827585975
-0.673697943085143,-0.30791859940679667
-0.662196789325665,-0.39954975403901194
-0.5256976512504351,-0.14996401932782177
-0.5637868613337484,0.1295561348655932
-0.4145697392228014,0.17106497016017455
-0.4962683542275964,-0.3623127293803595
-0.5002659109286824,-0.27291190082640226
-0.8178523814593582,-0.4059065065143561
-0.5956412259108618,-0.21814137071704298
-0.2286066578152336,0.23163120865994674
-0.6395716399046237,-0.2556392036703604
-0.3794528499848375,0.21938190415037184
-0.6107178404942298,0.059200122948185996
-0.32575487681205384,-0.2136720040034481
-0.5005622780507498,-0.2166892982581884
-0.4542738516716257,-0.3840443177272026
-0.48440682983110606,0.2266454294406808
-0.5846154581566981,0.0938029765533176
-0.17073249727723439,-0.08319054494423045
-0.37203634921174256,-0.2750254465117843
-0.8643917586172466,-0.41116664071632014
-0.7051753310335244,-0.30147661794872493
-0.3812549408948134,-0.18206747619543273
-0.637740325540665,-0.29550277730479746
-0.532995358854368,0.16223361695017366
-1.001489413917998,-0.407576014752673
-0.5727202432641559,-0.11991920009279167
-1.1182274628259594,-0.511974107663711
-0.4542738516716257,-0.3840443177272026
-0.5002121039544408,0.18842717569651796
-0.4542738516716257,-0.3840443177272026
-0.5702226609653108,-0.3926909677708105
-0.4110856034477681,-0.28955847693098524
-0.21998620433507288,-0.12320224122066059
0.013824129453393175,0.2583555402048473
-0.3595477531374295,-0.11768185259700703
-0.17877771867086006,0.1886486874679025
-1.0376519277273308,-0.4275485684176117
-0.8992948453027388,-0.327602380100948
-0.3005379416785213,-0.18024295130196066
-0.4375795564235112,-0.43901215476513666
-0.7686532215537062,-0.15016830937355485
-0.46994851094498247,0.08451079468030476
-0.6617880919855772,-0.012859685604675208
-0.04005744167857389,0.16506532331976315
-0.21540455682985216,-0.06738512802994201
-0.11198124573630341,0.06971889745137555
-0.6932152439782812,-0.3347293534928226
-0.1668775105525056,0.1895361216353797
-0.7688587775391768,-0.44434449964026757
-0.7512205451091519,-0.40618852218606305
-0.5513415831481988,0.13791278273522423
-0.2216459236910041,-0.16143538732877916
-0.17752826093138285,-0.0964059510449905
-0.30238819501052394,0.17943068396149697
-0.7910988706536745,-0.3988976346587447
-0.4568448076592123,-0.0071517378674296195
-0.9743307321065672,-0.42282651717611264
-0.6324402728632905,0.015655300425037988
-0.5729852617148533,-0.4060295340529233
-0.012938478419426636,0.2010158163990837
-0.1262517771854899,0.1925657042704179
-0.6878613032777342,-0.043065789594681436
-0.2897180829182654,-0.15795952885736197
-0.164275492917051,0.0003945669674063068
-1.067959310274789,-0.49250504429526276
-0.6998812914153972,-0.2758423776166765
-0.4196840386294113,0.17699681082638713
-0.5849141722988952,-0.27511900002189094
0.06346882454415798,0.24119905463127744
-0.7635639837483882,-0.2552359687524114
-0.10795140301030082,0.2582397472142468
-0.9775260290162274,-0.37970452146946665
-0.2531977630486122,-0.11748602553215659
-0.3857851160551409,0.08617728141715958
-0.35722896400079296,0.17534104353767743
-0.07139582916873577,0.19665647663971247
-0.8759885613641695,-0.41102788961355863
-0.530084265998264,-0.01782106118452864
-0.908729370443424,-0.39068624340866975
0.010634065932969672,0.2322649679431404
-0.6818805492218717,-0.07330045895542336
-0.9743307321065672,-0.42282651717611264
-0.39009401845960623,-0.37485167713014855
-0.9191707968153692,-0.4187130755651429
-0.147195849475665,0.2436819076068969
-0.6763368262821362,-0.4006042189525465
-0.532995358854368,0.16223361695017366
-0.43794563386171936,-0.3343158612972301
-0.928365366649278,-0.36189212462689435
-0.5581401056347298,-0.0205097967637769
-0.19338510984459456,0.17447667959518537
-0.7058051092940757,-0.1723623971454855
-0.5909946774619863,0.1579084340196828
0.02541782279973548,0.26967000263817564
-0.7922503282951935,-0.33982711914128705
-0.8345965360582476,-0.4124061195910509
-0.38604205986460516,0.13926992975833058
-0.865245367318853,-0.3472963011779856
-1.0049159309226838,-0.48972123154455727
-0.377687583506472,-0.2806757601836123
-0.20609084011698287,-0.11981573801731893
-0.5070047626444238,0.11678781539364314
-0.8472097590108553,-0.2543074768336543
-0.6642773890397407,-0.17052942140981076
0.031244217568802468,0.2738732381879059
-0.5769740883527961,-0.11415121727572175
-0.4771671144280949,-0.008812077760707138
-0.3004199540295609,0.10692685103789962
-0.531146166858117,-0.1803017526913392
-0.29653202290137326,-0.22622295588832564
-0.26648999248676275,-0.19403759038748924
-0.6357635709159167,-0.2427743560438056
-0.12593338912735424,0.19258944742167172
-0.3525658785019483,-0.3312483155347016
-0.12961337478562152,0.02037394626764205
-0.371074261099286,-0.3778398750267319
-0.02117088255055105,0.19010245717830554
-0.40681411787023813,0.17164333007706245
-0.223502625152165,0.1277453745188395
-0.6017976447296877,-0.12595772563944774
-0.28799524010795663,-0.1307360488856515
-0.43893098272401165,0.16924827925610028
-0.8315627206892645,-0.265783751505123
-0.11227908280454185,0.19360768994680658
-0.9113106801806513,-0.5086346155172303
-0.22438687616497277,-0.08464508869783804
-0.5614555870909407,-0.3920371808094788
-0.3835105697868696,0.0043666707507964975
-0.3003292906965782,0.028851585192344043
-0.5774953987378691,-0.4014612527610265
-0.7288385484835268,-0.09738763649211302
-0.8593769702147401,-0.33136545786273575
-0.6766253245733852,-0.028170715222181508
-0.6586198161219706,-0.3904282688167279
-0.6723401835089728,-0.40626788839742667
-0.31941617903225317,-0.2052690533269408
-0.648640778837046,0.008927244910304166
-1.0344547663679342,-0.43828036584373953
-0.6274773099696471,-0.396960618458263
-0.5161397584131179,-0.06374093309945644
-0.660785388533034,-0.39944450165393364
-0.747295295934728,-0.12185498670644568
-0.41572329504400507,0.17097894604701225
-0.804266225280568,-0.46780817553072673
-0.012938478419426636,0.2010158163990837
-0.9009584048964318,-0.32555984380164693
-0.7922288605580942,-0.20830835574463635
-0.40282342980479535,0.24327024119946053
-0.4223537722693894,-0.18388294727915955
-0.25264222942141823,0.2055113514084156
0.07205137526304284,0.2516825908544622
-0.5237949534594811,-0.4762055801179399
-0.21932789552759824,0.18562473930817167
-0.8363347198663521,-0.23989088517541957
-0.3593065045168812,-0.09920669942247862
-0.6426503582583097,0.04494515620273454
-0.9743307321065672,-0.42282651717611264
-0.585764515675443,-0.17745337084139357
-0.3383287409537764,-0.10017164365831122
-0.4215860738105579,-0.43832390939221133
-0.7742269692792257,-0.1908589225967382
-0.7526818361632776,-0.09404692920879265
-0.5876940975850314,-0.18087393985839229
-0.38021156766522923,-0.14429654787707424
-0.6521737946127691,-0.3988023092985332
-0.3804465263812693,-0.2861744721304885
-0.9743307321065672,-0.42282651717611264
-1.0252824510135388,-0.4023867879809392
-0.8972743226276668,-0.22830494966893455
-0.6701699121916033,0.07551882219759654
0.015263797285894776,0.27466722181708647
0.032233160294183105,0.2043844008134658
-0.696652099304779,-0.013785036327386424
-0.2837995592139082,-0.16015474666047624
-0.5871666509518205,0.023614069727967812
-0.043132456694708665,0.1609889025141458
-0.4669091434574657,-0.38498656928577024
-0.8699512528913883,-0.4414990662670093
-0.37405168912235665,0.17408652253145013
-0.8881493466623139,-0.30857940266170225
-0.4897387596014262,-0.055154706339537285
-0.7318273444345159,-0.43145152734540493
-0.503078308772225,0.20189341853086237
-0.9355234197744028,-0.3713812609510644
-0.7713946357049962,-0.4993446669244681
-0.7424851241632674,-0.03226795186559511
-0.426347964984677,-0.1606249298240242
-0.5110578190415619,-0.3216916695689207
-0.4958154263740121,-0.08229016448735083
-0.4917525488861939,0.165309216835866
-0.03582554942987737,0.19930905895365517
-0.537589800063964,0.18630575869076715
-0.7580046170996445,-0.13605189286190833
-0.6855206386320226,-0.18648680883088986
-0.705852906008882,-0.1946990014066936
-0.2981231363865712,0.19190205393905252
-0.43479015093727835,0.1079226953405763
-0.5546661198556389,-0.3915308698993124
-0.4983054869891792,-0.4424152438436696
-0.2911567899044616,-0.16514059271329162
-0.5308569475527811,0.16506842077227438
-0.4542738516716257,-0.3840443177272026
-0.3829344592897389,-0.37872432553403235
-0.685806677323283,-0.4256673790137325
-0.012938478419426636,0.2010158163990837
-0.4857822614687871,0.2248220763464265
-0.7220911960683672,-0.43264603592561235
-0.6672409684384067,-0.0003381460029895367
-0.23341798617508236,0.03385387771320025
-0.3542208097486512,-0.34369569732614647
-0.5409245545259009,-0.07406295120940931
-1.021304182197337,-0.48509728602014013
-0.5159591010095154,-0.4658179131344664
-0.45628142820033035,0.16795440456218744
-0.8092077182766754,-0.20392973601226172
-0.6760191264252485,0.053438114825236416
-0.012938478419426636,0.2010158163990837
-0.5848195559187247,-0.08919410396118466
-0.37402509634301173,0.2227682508427516
-0.10305243862361241,0.19429574844258046
-0.8163929947894101,-0.4110486269883685
-0.14038641682147623,0.010656025873889474
0.058415367739530766,0.2273822960238944
-0.8149047788794955,-0.41093764626988805
-0.6734124587940283,-0.023911551335206838
-0.7390185347681183,-0.11088282518994574
-0.3271201092947048,-0.10533794529406637
-0.050688701095335964,0.17925059066392435
-0.12245908832638752,0.2489811720287843
-0.9743307321065672,-0.42282651717611264
-0.4235627539222012,0.10499658219996211
-0.6750470239033212,-0.14537046966054923
-0.14293272662402134,0.1913217559015755
-0.1207614157744098,0.19297513696768945
-0.8357753148529946,-0.14098134378473137
-0.15020284156121178,0.019050101485494575
-0.5422966834097217,-0.3760110213110003
-0.6735770958943548,0.07488930212057071
-0.4618449828832706,0.21196095986134567
-0.1887044524008974,-0.07766542844402918
-0.27947365668518853,-0.15231889592280756
-0.42160611423951366,-0.096996311176887
-0.09331700489486605,0.19502174889905768
-0.518772011850402,-0.38885413874149066
-0.8472841069342253,-0.41335226975797656
-0.7586033567521041,-0.40673908056612196
-0.316966202118392,0.24537085807765993
-0.5731019132454086,-0.08823107321846907
-0.7136486334223898,-0.07725099147871373
-0.1924592632415375,0.18396668640462496
0.007645520860696808,0.14827021806668478
-0.8713973821371733,-0.3332538353646738
-0.7318022055932129,-0.10131643470586138
-0.11780705572595895,0.24217901525711816
-0.9699747671036606,-0.4225016798171801
-0.3686616583132061,-0.2705517577268062
-0.5610601706910973,-0.13670519272089132
-0.9630934672385149,-0.42198852067271375
-0.9782529910891858,-0.4777775871751271
-0.4645876271712196,0.25291893043159963
-0.5425981765608973,-0.390630927217267
-0.4817198607514538,-0.45081912299151783
-0.3559449906404526,-0.2536937949502558
-0.21709406760938388,0.06599425596427017
-0.949739514243869,-0.4209926763949944
-0.18750709349777617,0.18799771183747027
-0.6387439155998837,-0.18277794486975307
-0.7167307954627465,-0.07682332232753103
-0.11970016017317475,0.05948625037741295
-0.24299736781324466,0.18385963585590184
-0.47094451136223114,0.12341280046888242
-0.8635709677131352,-0.4321266378324724
-0.7881888155262452,-0.3043357703661773
-0.36471516766733025,-0.22785037508544037
-0.9448822545200312,-0.5086212381604432
-0.03248115480022362,0.1751088949115056
-0.7124622561118797,-0.21885154798915196
-0.6833949761326376,-0.0371449635813339
-0.4504031334525146,-0.13381250455687976
-0.11865962239777994,0.1931318739958866
-0.3967749560369982,-0.04648076558041109
-0.7444369147499305,-0.3291683451581354
-0.46403740404895777,-0.4057099165908937
-0.5705036207427486,-0.3145199096317669
-0.5605028407344368,0.12576808073077606
-0.5221854069258461,-0.40781431098616694
-0.8915195447525687,-0.3130471355157146
-0.9743307321065672,-0.42282651717611264
-0.39971463964969645,-0.30597321563162916
-0.05481332065296002,0.19789308397405678
-0.6172579434165518,-0.12012301789694713
-0.6087707364931876,0.06178131855825708
-0.4599225189303461,-0.391532523351122
-0.2265660800094741,0.05823812379693083
-0.3911935757071129,0.1728082006988371
-0.6734754083673732,-0.023995000992896753
-0.3286488283755581,-0.24257442037131416
-0.4635436191316107,-0.39633286680382307
-0.5288121340432427,-0.022819103092591164
-0.47754183027367614,-0.3192209053683053
-0.6154749687497368,-0.3183037436101891
-0.3923820791845132,-0.3694219558352376
-0.9644519113646256,-0.40791428320162393
-0.6624188702016415,-0.035379480513185624
-0.01942584749379539,0.15027787998291176
-0.846980763918849,-0.4133296485606299
-0.863904329981665,-0.41459168957792414
-0.05032376707371766,0.05653404502837395
-0.2052673553741341,0.18667327590696642
-0.7107319425931232,-0.4434173817872036
-0.3173279259241837,0.13346985522259763
-0.5386256749013134,-0.2603058598939215
-0.9621059497337426,-0.3785089544514142
-0.5367715469130966,-0.23310856575243544
-0.1646333206770338,0.18970347759705639
-0.25429994022150104,0.006117856970009494
-0.4274584969509151,-0.19210141637423983
-0.29535849257216185,-0.20911465815092312
-0.5367278254649537,-0.018070368382111623
-0.7186236611942639,-0.021031503210850122
-0.4001908916265766,-0.19632004319878082
-0.45960246959946194,-0.19585018461680825
-1.0084668477141636,-0.41976490122231647
-0.2927850725912591,0.1060577676821225
-0.8678112679181021,-0.2854767418317714
-0.5402981335846303,-0.26530392137624526
-0.46962497346023313,-0.3851890968645777
-0.04406609511680204,0.2814379163406463
-0.433735110691596,-0.3568169544093419
-0.7295194924728777,-0.03415717763087056
-0.6448014798032432,-0.22702302535353747
-0.6686078516268166,-0.3356562635454452
-0.3823263924294438,0.11838602089188921
-0.4385015295331186,-0.2372076678424475
-0.404143250747903,-0.3803059286458169
-0.8158453887895961,-0.26635583509523575
-0.9065581792958571,-0.3488915653614032
-0.733676087944881,-0.0903448847527023
-0.7406175114223369,-0.11300252270906419
-0.8062176222391456,-0.4102898189760963
-0.5494773793463601,0.16609972924620506
-0.6587484271551446,-0.21760793631591402
-0.595760778670653,-0.015748783671225786
-0.9070342997324562,-0.31367670913622314
-0.5030710860325104,-0.4725241052907021
-0.6742328401373855,-0.202986712811687
-0.8478772981898218,-0.3688528703786602
-0.6386028298727372,-0.2532051968864104
-0.39400181336982776,-0.31166035354276755
-0.9318318449977859,-0.32424090749470524
-0.7186992060358223,-0.4704387890809921
-0.49050236225086963,0.19074006667853705
-0.44756973171588554,-0.37799964922215756
-0.7521660693579798,-0.12831197049930831
-0.5474976020996442,-0.26682187414434855
-0.7018009083194982,-0.060192836388422544
-0.256930516520141,-0.12243438312837651
-0.11242593882229424,0.04770291806214405
-0.49740645266087724,0.08299041772474192
-0.9332696476712811,-0.3683935280638818
-0.5237583333091366,0.0008371443039481563
-0.33949811100053595,0.038614884057621035
-0.012938478419426636,0.2010158163990837
-0.5164998836154097,-0.4665348063705699
-0.7494862213672194,-0.3711194442444512
-0.8463191523434715,-0.25312683624182153
-0.07750469673973026,0.09472252445270268
0.019943974322354063,0.20346795940223858
-0.06901368663562124,0.06802391882840059
-0.9947549171519571,-0.4267482993371514
-0.6514301344774739,0.00522951097819524
-0.32776045208444493,-0.29131653972145644
0.0002706763235543752,0.19417145410033698
-0.5271310382445188,-0.4319530562145797
-0.2921672573556867,-0.10044574532409944
-0.36301780218715196,0.06287634259087377
-0.3908086364750275,0.13400715438940597
-0.6577511691180914,-0.006903146358431145
0.02060882493117494,0.26238174441405204
-0.4523684828607516,-0.3839022286672805
-0.3618671544343083,-0.30556119098257417
-0.24005477572924638,-0.10006290835207488
-0.47574220894088337,-0.412504035086512
-0.6921488282812766,-0.22124846452330094
0.05245451792579747,0.23444936112396333
-0.7216711008065521,-0.1675599322798843
-0.30575024184677135,0.06582109643767564
-0.4137886037216528,0.20371733130505798
-0.39711401980089256,0.003800934771409137
-0.2795210902538944,-0.2593339963959074
-0.516707556206151,-0.35634126677625755
-0.4827047581492506,-0.35868569718264354
-0.8161649270628485,-0.2358890314215194
-0.20149788592533968,0.22870955682732594
-0.24585831831148608,0.07941575815049579
-0.513462093577179,0.18812806252516273
-0.4551192677523116,-0.38410736293685555
-0.0063908228858766125,0.14994941110019638
-0.3503688518530804,0.13166235702850965
-0.36098514793483183,0.25822861043233764
-0.5268151664518622,-0.38945394087407925
-0.5149059557294532,0.14397947281534784
-0.3799582165501869,0.1736460550876486
-0.5764609440010916,-0.13261220835101029
-0.42550433231886553,-0.3490700639116334
-0.5259071014325709,0.10973924480753866
-0.6614931373039447,0.012461600778179871
-0.23128394248162532,0.20885813749655432
-1.0091780663173449,-0.5161076243101888
-0.31651252453682543,0.10984819251784006
-0.19041853682482146,0.18778059678709494
-0.013124277996527822,0.20100196076804072
-0.5620911977292217,-0.23735767553652443
-0.593987769073554,-0.22030601132842742
-0.6116839625837901,-0.48267001174681134
-0.4628780794039913,-0.4067813482108751
-0.2759673475555898,0.18140096570212028
-0.7631328418821318,-0.4070768578407282
-0.4344893284071535,-0.006613775998833282
-0.21852824016599282,0.18568437200392263
-0.3565176396550688,-0.07631110780380546
-0.3725714999456401,0.1136505379694458
-0.5731521718876921,-0.2527518793179684
-0.18435498257489302,0.1882327741914076
-1.042070815103207,-0.5126267562815612
-0.5724919222162198,-0.13862572680207075
-0.36811508601043363,0.14148259334819724
-0.4868627813278159,-0.4441710294666701
-0.7081910392998386,-0.07001608364475198
-0.04477629927667659,0.21002785045644892
-0.49572353073094433,-0.39158967068378603
-0.7169870730289859,-0.08167662341846627
-0.39426828911241696,-0.3517707578362024
-0.5176481965698305,0.08682741291171248
-0.822256227654128,-0.4495412137141105
-0.5810752621324281,-0.3152279152856281
-0.4053294553276936,-0.31916074658107674
-0.9715242401803527,-0.4191060663754532
-0.5056577641809055,-0.46540491512954996
-0.2779332622419143,-0.019698874597412652
-0.5933541923644672,0.17653457622922597
-0.22764220161303728,-0.14275330011536724
-0.4007191158207628,-0.4059788075575621
-0.23311463627480478,0.04017338015986982
0.013926068028677463,0.20301918610276598
-0.038329596145013856,0.19912232468902127
-0.19693533371630645,-0.04290123934367396
-0.3610701394122662,0.08693042731629141
-0.46103563044737084,0.257627666249346
-0.8595341942359812,-0.2110253585562527
-0.4377578870266765,-0.12570967414070155
-0.692777207002058,-0.24674563351295808
-0.5142138596126377,0.23525444828253506
-0.6390345043103479,-0.035804843179434
-0.4046621937781394,-0.3514187502365014
-0.23835941044845266,0.18420550222999246
-0.1874960768071412,-0.030388005082315817
-0.29807051195879,0.0021549669460486087
-0.2075219454394146,-0.14613346171866093
-0.7398606603841537,-0.454280975219457
-0.18647355517292008,0.009256053979227352
-0.5534553219280877,0.13511068625934752
-0.9414283415638592,-0.3792091726561392
-0.47024126305552827,0.1878641311811894
-0.9658541871583496,-0.4184735812850311
-0.9145940012297421,-0.381396562047698
-0.6621316485965766,0.09938211684815013
-0.5018080506091775,0.1006747175008545
-0.7682293154716865,-0.30901784621725803
-0.8460795261073809,-0.25280917360627475
-0.532995358854368,0.16223361695017366
-0.7016538847938497,-0.3984303305273088
-0.012938478419426636,0.2010158163990837
-0.13182611301733427,0.0434113739288422
-0.8884843365131939,-0.29121474793988733
-0.6155698372476722,-0.2962398465484193
-0.7433711164156472,-0.30315917647468016
-0.5044286410931412,-0.1967546195843446
-0.19324088394056127,0.045673006315494924
-0.22625419607092845,-0.08176804808194177
-0.28225867042912356,0.10384504684536866
-0.9784168426808978,-0.4158568893059065
-0.8189204370711048,-0.24334152345201943
-0.3693579477155594,0.026654962261480564
-0.1435068464334176,0.11740454280457996
-1.0043684053831892,-0.48861282342629697
-0.9743307321065672,-0.42282651717611264
-0.5947999030053447,-0.06102470928079262
-0.5593512554203449,-0.39188025449309694
-0.589297945470529,0.1472933406371253
-0.6634400483262624,-0.3103918086602012
-0.18843458814693537,0.04817212521743913
-0.8327063368995321,-0.23508088726026
-1.017319883900011,-0.47981546580469925
-0.3065042680768525,0.08650726133133557
-0.5010728707121732,0.16461417251748134
-0.454898712811196,0.16805751779079742
-0.012938478419426636,0.2010158163990837
-0.33329644398695923,0.035499188775759805
-0.7011379282671887,-0.09464348507881526
-0.7152253543100301,-0.07934118544437019
-0.932657436554767,-0.32441132662018
-0.3507300575040678,0.1374027265953821
-0.1523736985156272,0.2358093281955436
-0.541175529933116,-0.1963167667141399
-0.6155463930255404,-0.1738235857740944
-0.4150280208735344,-0.2686937379624016
-0.46328105335603553,-0.15372269116742343
-1.0479060760327172,-0.4283132509739228
-0.7774043378335481,-0.2990524534472655
-0.4838610816830049,-0.4232668904190835
-0.012530559446959355,0.20104623613881675
-0.7426635901237094,-0.051166360106852216
-0.889389638635321,-0.41649220538764964
-0.37838206328008817,0.10499475839765698
-0.9743307321065672,-0.42282651717611264
-0.8001085166132488,-0.4098342446692246
-0.9808885956783576,-0.4233155567073025
-0.36804103348807826,-0.3747091367202888
-0.549632351651884,-0.2437000895567567
-0.7073844709065632,-0.40291953481806553
-0.3686476632021757,-0.37765891635246285
-0.5160101267795855,0.16350025658670597
0.015024412841840473,0.23808507008550156
-0.2749241899391869,-0.08975706010265727
-0.8105518052958814,-0.23169103220049936
0.06108457870613826,0.2065359375113374
-0.4182322512081553,-0.34244297231300547
-0.36195098597990705,-0.24914028969861812
-0.2323431436788036,0.009304133294181949
-0.5675583874567625,0.15965614837078404
-0.5674461577858175,0.11451126775842724
0.09900808432677449,0.2410693742317631
-0.9743307321065672,-0.42282651717611264
-0.48797846206405704,0.22191066363693002
-0.4616856090829585,0.15117140716809296
0.007690365871052651,0.2283626259659689
-0.7073287873672903,-0.4029153823297372
-0.47805493259262766,-0.43238344315315347
-0.1901985704203955,0.18779700034080116
-0.7770199247431723,-0.2386178082355518
-0.4258758931830602,0.22504629895796116
-0.4441769679303299,0.09251095626120948
-0.8739869743567047,-0.29245417275996555
-1.0182350347956155,-0.4261005925467297
-0.12022070862365641,0.2221949228738763
-0.9743307321065672,-0.42282651717611264
-0.25424441070290793,0.26182088788665336
-0.9944133461615942,-0.35847058858971337
-0.6183463700774702,-0.10204635767133774
-0.014922613874266799,0.25073061617450826
-0.42242741235770453,-0.3816694333488301
-0.3233508557964033,-0.008669140091121796
-0.4542738516716257,-0.3840443177272026
-0.005178723907603433,0.20159448453803883
-0.6046544887056402,0.15688978097611034
-0.3004604172711436,0.16267678203511193
-0.44696639538036753,0.25749047924198365
-0.7930788108728747,-0.44848140361896593
-0.6321816995843067,-0.4514030115342629
-0.6819048076057975,-0.12705678231781847
-1.0313246432275078,-0.4270767238585378
-0.5181608692209272,0.18189908910727687
-0.27657168454836434,0.17879569317053545
-0.7166758193270181,0.026891249798569827
-0.916884084392578,-0.3506835149597288
-0.5335725737496628,-0.03815595032040475
0.02959163404672871,0.20418741428827525
-0.822021331211911,-0.4216936293674538
-0.24007686524535943,0.18407742648100434
-0.3044029741742623,0.10076033756592268
-0.9395602798248216,-0.4696791907061011
-0.5620955992904136,-0.4433412241280875
-0.8261748269373733,-0.45103632826854745
-0.43483269734277785,-7.12669821717471e-05
0.08988030254703747,0.29660667176541716
-0.9451162867326303,-0.346535366534944
-0.5919541301112067,-0.0968585398618711
-0.535190144427221,-0.19753231455815057
-0.012938478419426636,0.2010158163990837
-1.1178703105470031,-0.5171087003478568
-0.6215850696805999,-0.16019539969519503
-0.5456990078072163,-0.11047447734870408
-0.7303718428117002,-0.16591853291750625
-0.46255285719151484,-0.437857277425435
-0.6288082753579193,-0.3970598725342872
-0.4765396411783085,0.23707463753810712
-0.04650957634876984,0.15198018071118846
0.1265603861115522,0.2905583228886599
-0.8597890133582188,-0.2953936831170004
-0.18509711225723302,0.014590309605927998
-0.2908548750716755,0.18029075817838344
-0.8419408352191678,-0.42399549884093557
-0.0802307113539027,0.02791674162086727
-0.0762299748760642,0.19629597991321998
-0.5314309160143621,-0.2787474116581625
-0.29412240557736,0.16868415963085254
-0.8347130776078963,-0.23774114079792807
-0.6995651263961337,-0.09012270901697722
-0.4830595695041301,-0.09814078008473115
-0.9907856376317962,-0.4446401079669069
-0.7483081252305349,-0.034252020266755445
-0.7037756906661238,-0.407346344271898
-0.012938478419426636,0.2010158163990837
-0.5749517086517593,-0.01412511054048371
-0.3917478821431081,-0.3011562141764673
-0.49247352049199455,-0.11532451972183555
-0.42972850442535193,0.16993453562964236
-0.7397237765115291,-0.14792269582580686
-0.12966699316366892,0.12612008974013245
-0.11339886557840495,0.22295181135989986
-0.4603329811710255,0.25855913946626263
-0.16766554317340976,0.1894773556822197
-0.9550675107559009,-0.39729005771655135
-0.705271231618421,-0.024165394301641108
-0.9116523800071025,-0.4181524047016897
-0.08650942628537817,0.19552941042865132
-0.6613781107811575,-0.39948870272752646
-0.46466520333108663,-0.4694116466082964
-0.3219465361822428,-0.20862344362348817
-0.30555052399191085,-0.186887925302073
-0.6948745842939871,-0.4019866350989302
-0.6333536334436297,0.02919278417214166
-0.5703451545784013,0.1594483307985241
-0.8976905245397916,-0.2951407918606117
-0.6166695212511475,0.15599378400713398
-0.1998676735278715,-0.046788521504666225
-0.30638005334440754,0.22092513879039605
-0.7264684656077486,-0.18281547833150003
-0.2190821696394697,0.1264836200226669
-0.038042745779770126,0.1030550413964017
-0.6986807870965827,-0.26697637167864585
-1.0494529872450724,-0.4234130989569862
-0.2073361325368278,-0.16352481555391507
-0.16804450133937066,-0.03770832895052578
-0.10260115732968944,0.08215369446492465
-0.7475130550878865,-0.12214366105043784
-0.7262095439902408,-0.4043233769100323
-0.8635008169040249,-0.4871350077096742
-0.909386492809544,-0.43274024800205535
-0.6980880677894369,-0.40222627418945067
-0.6726337971553504,0.03992060837743644
-0.012778403945974848,0.2715341009916235
-0.02398434147558337,0.27018886715359924
-0.327161265014414,-0.2155363949409863
-0.11767389176379672,0.19320538288210318
-0.2590907780680689,0.09558537572765935
-0.32524167913550983,0.10019403140717964
-0.629304520538872,0.0345605264441764
-0.69057600376564,-0.04666455626471511
-0.460239666150291,-0.2621915782280049
-0.2449110370380967,-0.10650065403235287
-0.805401718381969,-0.1988842786484597
-0.58882802765221,0.08821854660858242
-0.9743307321065672,-0.42282651717611264
-0.4633327564872288,0.2369453108579423
-0.5114918906324458,0.12680453220243115
-0.5837181839856634,-0.1447168275922156
-1.0113386274608742,-0.4693592092090131
-0.9355728373207602,-0.42207619872468916
-0.33339913004738897,-0.054185550980712205
-0.9925418500067545,-0.44203900642910166
-0.664329811914543,-0.00830464592378194
-0.6656457949061163,-0.319409060445803
-0.5776208841496259,-0.39324267543567526
-0.8030075324305656,-0.11043682658951193
-0.7105358734550334,-0.07548816397293295
-0.42122531333587565,0.12035558194874141
-0.4265152008887052,-0.020948308842022645
-0.09896108187013752,0.2745011492353525
-0.27208028799045836,-0.1791159607952677
-0.28183675171441536,-0.1429247624777934
-0.7349048401341746,0.0023976526193642544
-0.5117020370058457,0.19046129705858783
-0.4542738516716257,-0.3840443177272026
-0.4542738516716257,-0.3840443177272026
-0.4631712870043895,0.16744060715200726
-0.6147992917806884,-0.21601000585476848
-0.4510915362748207,0.15493389213479936
-1.0433674083388773,-0.4279747889280259
-0.38418912580108155,-0.15792896323634453
-0.8160671196983752,-0.41102432550664325
0.11334514475102325,0.26542830200619294
-0.05219500851142411,0.08519571665416631
-1.0387100273181007,-0.44693565019549775
-0.7069323425780493,-0.24969734107156605
0.01679233765878546,0.2579113491686278
-0.7336530318253757,-0.11016126550003136
-0.6821905174661195,-0.2251322320382919
0.12274975469255864,0.2963306645171374
-0.1545025774956439,0.013350118581407389
-0.7771703603421513,-0.4430017105060915
-0.22491604454532843,-0.07999411569741599
0.10030439223503743,0.28266961842502814
-0.012938478419426636,0.2010158163990837
-0.26432141905506723,0.18226943747677937
-0.4817371232103228,-0.3958702171733014
-0.33663016410535673,-0.2280889246223302
-0.3080020624092261,0.17901204105275567
-0.054491197404231806,0.1979171056696622
-0.09198805914097774,0.03913347997130384
0.020299674777056576,0.24507826764550125
-0.09206747392868447,0.19511493016628276
-0.6407004438983467,-0.1241328695413918
-0.6696329363790104,-0.18382866530176512
-0.6855528754483582,-0.40129148734633535
-0.4500856528775553,0.1684164420879818
-0.28182314490621263,-0.25802858653437344
-0.2857208078844642,-0.20732633470289397
-0.17664616178015624,0.1888076440505033
-0.6343701466294842,-0.2610849779692054
-0.6536112396710003,0.10655437827009318
-0.9813212074760861,-0.46910626411011913
-0.21547358888182577,-0.06747664097912864
-0.6698117153348672,-0.4617801605816202
-0.8850896861735783,-0.3045233367208977
-0.25116839313007067,-0.18848145800185312
-0.5016050503215587,0.14248968115985394
-0.5160885545200923,-0.28096438306520044
-1.0565730530422295,-0.4825762902609687
-0.9692695448997327,-0.3121291889490879
-0.4422684606049523,0.11656285003556699
-0.4419415734402993,-0.2448217296968972
-0.3455397999390033,0.08201894132847815
-1.03541491598748,-0.503803304853495
-0.5665401878975487,-0.21090626816288627
-0.05911993592602627,0.1397949595168081
-0.8186538333948875,-0.42785138155606384
-0.32259100431038645,0.10090429592885225
-0.7709506341036495,-0.4334074690499645
-0.26583508330300176,0.20473612592605606
-0.14094226904943252,0.2477239189037188
-0.7809690897295393,-0.37338733760716003
-0.47417652042745095,-0.4104284662851295
-0.18170784699061526,-0.02271478712143593
-0.25721394798070785,-0.20363867281810932
-0.6183580731466547,-0.1450237233513757
-0.6413172514890534,-0.42689962223664923
-0.5805618963536786,-0.25656422853955363
-0.09586082186860534,0.1358680535813916
-0.06403310280186869,0.12831002060255903
-0.3831756552041222,-0.19836956106845816
-0.48060937570756435,-0.11479657505177165
-0.532995358854368,0.16223361695017366
-0.5668070903011847,-0.14558043068946913
-0.020136702669726225,0.19147342686815255
-0.5983908365415608,-0.01765376849427558
-0.5897881098740579,-0.4413436734530116
-0.40747574760052807,-0.2992713162103915
-0.42185443106412046,-0.3410672265659991
-0.3106973625331114,0.16085002678944757
0.061494298526986624,0.21910470482812444
-0.3295431866861107,-0.23716797689389746
-0.17189684647841508,0.03792574502446333
-0.3215059112747658,-0.3073642624263392
-0.6720927478789437,-0.2803152725972542
-0.5801310073233693,-0.16696534531104534
-0.7677408523064054,-0.1489588190255119
-0.9569333296212791,-0.42152914075737724
-1.008948112347818,-0.46871735293169847
-0.4764371445665858,-0.04249802718582585
-0.9452188669629137,-0.40279367296513113
-0.2910079229653224,-0.014885417958327762
-0.982301930147644,-0.3940931146344263
-0.23583126952524835,-0.01667750321315664
-0.9997651286485719,-0.4247232363171607
-0.9783388478580518,-0.42312541437435447
-0.8765350538785667,-0.22067207507696518
0.11055155440675848,0.29330973266177696
-0.20222852032684946,0.017828807630906773
-0.5253410957718905,-0.08894149041401733
0.43311419328803935,-0.3828068213682666
0.8258787651830949,0.2635689310033381
0.5176218157416137,-0.18003523815127054
0.7123207312217449,0.11815264967398209
0.6495012845695843,-0.005208055928320521
0.8177398652665187,0.21781890396033818
0.11245372936916431,-0.3417817443280381
0.1353920847230205,-0.21826918923865857
0.13941133426992686,-0.29501181698795254
0.328344948601066,0.219684007498631
0.8190186882733098,0.2630573545182282
0.7985322970301191,0.22092791499889664
0.5732641044369021,-0.10627254687350596
0.1407512138125816,-0.339671516145557
0.6608856631885737,0.16447919784438433
0.4305202348830809,-0.2955022178410769
0.5915127401069633,0.1642009469000431
-0.03210296924111755,-0.2581469572035344
0.8008243849120483,0.2617005508139867
0.45427486048392146,0.28522973830973725
0.6169988348807288,0.0657546560003382
0.13988620835884752,-0.38127210718494264
0.4368387405519345,0.2880198524978031
0.802019535649467,0.26178967678465226
0.6392952501316875,-0.018737775590563
0.333766108537201,0.22687061603169037
0.48315637296998,0.3103124774216365
0.4124876157199433,-0.31940731864568594
0.07487644274454996,-0.09987115834691118
0.2815571474564941,-0.373595300107172
0.22177974896556274,-0.4255555886458071
0.0999842684762155,-0.1815584560553789
0.5312030608628373,-0.14050768870193708
-0.1329055699449706,-0.419298263787765
0.7288081094414584,0.2563300814212306
0.4461106155841688,0.09917387036792658
0.21412621429596757,-0.13049697347806988
0.09786715211172775,-0.15174498834400196
0.32035057666416683,-0.1234779435665414
0.48464158016208997,0.0666342072205271
0.36152877606173506,-0.2132479727293941
-0.07539312332751585,-0.41904748916725965
0.0010191291720551,-0.32802135943031163
0.891053271594417,0.31500746834705085
0.33931059864561686,-0.20813479462847428
0.5103552276359261,0.20284740415176197
-0.03621311969090629,-0.15655493423652778
0.8868997397849537,0.30950130223207284
-0.07969664783966157,-0.3963189665779223
0.4418754746367264,0.2244186080395872
0.9068790054492268,0.33598699215796207
0.7395093600495535,0.23429756819304923
0.3634506475247726,0.2588736326607379
0.01710339426202634,-0.0990306588009845
0.18243201005819448,-0.08418453800412862
0.5242895903726468,0.2671137485288193
0.8331093658120782,0.23819361805673256
0.6241271562388995,0.13093913022783266
0.4733093668864726,-0.128965855747331
-0.14163321378644478,-0.3607297688183274
0.5576214914937234,-0.12700931483112876
0.07757421771337475,-0.3443828139967715
0.40533376873252586,0.2031675068694506
0.7766503410519601,0.05926156491450579
0.9062616419081266,0.33516857872896555
0.5312486257345442,0.11607232852928667
0.4018610889674661,0.2319486627067147
0.23234979113429433,-0.3328407358433022
0.49734631822395076,-0.1827260474124741
0.5300577558763809,-0.16354942431401065
0.6109727659250094,-0.0562837268399311
0.2257504940759869,-0.36166003827363324
0.8574381998324411,0.27044535167645267
0.6434775519206353,0.32511629490139204
-0.11647411109092154,-0.3588535791640777
0.6999683885061607,0.05204448696874431
-0.02937423716933263,-0.2545295894404459
0.34985228404847435,-0.30296006845600076
0.3266675534104156,0.2174603537543301
0.8538229889721424,0.2656528154806004
0.5730824582747647,-0.10651334771210752
0.1380533367399439,-0.24788526384785992
0.07390189822529153,-0.13738991874685558
0.08194866613231083,-0.1428079922892973
-0.01127902467960129,-0.2585549774490423
0.08745813020091334,-0.09964973011662237
0.31296464432483806,-0.12260444559787342
0.6830215632390605,0.03922839744227158
0.15168036624892142,-0.014512955877893419
0.333766108537201,0.22687061603169037
-0.10450508117925172,-0.3459727653800344
0.40360406353129497,0.2320786415411688
0.5213906215877002,0.14869756204342788
0.8538229889721424,0.2656528154806004
0.2764731830500864,0.2225981109522565
0.5220442679197024,0.09374490799658536
0.557988122811879,0.04059526547959891
0.9237921307588604,0.2708706239821861
0.026500676866696993,-0.2876941702726782
0.8962845066754555,0.3219423013190942
0.6652199390608553,-0.03601291538030099
0.8124999950865338,0.21087262379313662
0.8368892739641846,0.27327333583238156
-0.14334686293304777,-0.29819101728129904
0.6364211688211521,-0.07041653890503063
-0.16030527505299647,-0.36212220036073106
0.5886135525665778,0.03985892380725431
0.5732944867535392,-0.07358494200910015
-0.22620062237931315,-0.4425977400171489
0.9052770888866931,0.333863397323429
0.6376236673889206,-0.02095372401200868
0.8626540020849958,0.26631137058248117
0.7494596458158556,0.2578701283521133
-0.13962492764308676,-0.36058000490462416
0.3354899982160523,-0.22916491779705528
-0.12192317742327075,-0.37721790920780973
0.2378748406614587,-0.33242871634930304
0.43929896161738347,-0.28386462123788314
0.691492452574509,0.2255157987545752
0.34135317208274774,0.16546895970257983
0.15251233978135662,-0.013410042819080259
0.9087009242637022,0.3384022349201937
-0.03521021591997742,-0.42850194480828496
0.29702148969231934,0.19099565486183237
0.03250856686556647,-0.17249410390486986
0.34759525043623707,0.30583357386651444
0.40903082654327605,-0.11517465125179716
0.9578118406052308,0.32341678792729905
0.8149259510000165,0.20498652292786745
0.6575994307433949,-0.0752905066133166
-0.14118649655825077,-0.30685203051342647
0.31497717228543637,-0.04334821833833846
0.9002186779864109,0.33472092288218785
-0.056973324662751956,-0.34378251972136187
0.2999766497207235,0.08416696523428846
0.4602232866936101,-0.2561261049585557
0.40910288383202387,0.016139202215360526
0.3681989177739324,-0.12666181338010085
-0.10756926471499806,-0.358189518094596
0.4871112881600109,-0.3138424078502352
-0.0536218386912925,-0.4010713340921528
0.6430119059624835,-0.013810757973907739
0.17481650829725642,-0.015940539820039124
0.431889464195909,-0.29368708691352463
0.5131974697546571,-0.15164482237071109
0.333766108537201,0.22687061603169037
-0.165158127336255,-0.43453270228372987
-0.17544861741002482,-0.36325148476347224
0.27542986554350524,-0.3418158005664159
0.2851823219638458,-0.24347415203732503
-0.026540318458592838,-0.21518372215254045
-0.12996591411797398,-0.3598597033316552
0.825794084476405,0.32173720602263334
0.9222479304225211,0.35636094324190115
0.27359103305138655,0.08100055098981163
0.9177893259472537,0.3162975721978682
0.7228685708486339,0.2558871522359677
0.6093181277966462,-0.061483618273359686
0.4702043600915152,0.23704522516255047
0.7734703302056789,0.1591326039487536
0.3400193203682592,-0.34019692398696366
0.8538229889721424,0.2656528154806004
0.5858363127725256,0.24566824625938005
0.35262890253788026,-0.3987595502713892
0.28526275223860076,-0.320207388482064
0.25618146615347154,0.12401984985658521
0.4003326238788858,0.31511510481385385
0.5946474545685785,0.18144901610312958
0.5953927824708829,0.12238966365284631
-0.06210406298193849,-0.2979181720023756
0.8244040843641961,0.22665338484593475
0.5754511286987444,0.17584946374205074
0.5084233150599702,0.22106319494025012
0.3624120943648742,-0.21599973091563218
-0.08282999573225192,-0.3253936877432394
-0.12243129367803113,-0.35929782411484856
0.3412302405071078,0.15750876364637162
0.27009961311805425,-0.24774183625921753
0.8625855777965491,0.3276469450514266
0.2574150116954235,0.1256551103953159
0.8251290942193994,0.2276145005616372
0.25640197146464316,-0.31131902163047176
-0.09547997383298423,-0.298276452761032
0.05331998388820325,-0.41546338937461813
0.28602782705957563,-0.3288378039072052
0.6256997631798319,0.1981157203267653
0.0017264400432513982,-0.2823157819158951
0.1292806659595566,0.03153946478910358
-0.10756926471499806,-0.358189518094596
0.07606261371297518,-0.331003623674359
0.22574669978287473,0.05685255549883278
0.5355069961717911,0.09055289946933787
0.47036628601265407,0.19917840805378959
0.32279185118054576,-0.326096200498725
0.3848605435664573,-0.11866531309865314
0.3891903167969529,-0.08160589354173542
0.2904888536870153,0.23067962206484566
0.936363714061658,0.27333941749446844
0.384450132066813,-0.3928362934064771
0.3610688293250379,0.2498361692560825
-0.05661508490727274,-0.29064165975520284
0.723517200867518,0.18803387406186706
0.6762462048944349,0.1893445317051847
0.3167998464165867,0.005204318128696206
0.21894964525931226,-0.32812205677486095
0.46881612919299753,0.21203881717899536
0.3701683640186698,0.22958524126901403
0.30140292518197365,0.05860770673249682
0.4656366415084031,-0.26080102424893425
0.4604975638325789,0.25492265535399616
0.9342603700368151,0.34772873266468546
0.14326455617634062,-0.025669448804264416
0.34331903342260917,-0.38996420578402624
0.2867731510515158,-0.3086763351109527
0.8029526035941272,0.19121141602296413
0.34551809237972,-0.408186058539292
0.8762472428937549,0.26732505926930605
0.09265379327845963,-0.2855971526211891
0.240784879201553,-0.3322117060580988
0.6493038283652912,-0.09847316805174067
0.7182088371355226,0.25553966193434996
0.267246676943427,-0.15316336720307178
0.42885533617448907,0.23396170458451926
0.31825669014005475,0.22571403224202555
0.8538229889721424,0.2656528154806004
0.4324656873342654,-0.3179174939993833
0.8436557620746227,0.2648946149140544
0.040709989512305866,-0.3471318899236745
0.4127507818043578,-0.06963115968702555
0.3988564133753162,0.2222319049391378
0.2942108057880312,0.10314858683309991
0.9214032285697975,0.25951288308854414
0.2853225354027394,0.053377913879348315
0.00826677056261882,-0.20463045520603762
-0.14685392256251056,-0.31211506003499334
0.5963140505449466,0.24644960255202936
-0.08032229497383614,-0.32206933209221633
0.5928162609410057,-0.03248884343287867
0.3313783643040056,-0.3254558784934739
0.04360986064035299,-0.16187152030854113
0.2316185366047242,-0.3328952676841077
-0.015345460434050051,-0.42526603902687987
0.37578630695515786,0.04689767330428085
0.4227595398278348,-0.1550148920643094
0.35759881754928113,-0.32350054074936285
0.09126219971220229,-0.4022125490459152
0.3438100599605095,-0.2618065043873703
0.307006135335637,0.12819343399074568
0.7041197509343347,-0.012019648154162232
0.11880596203354832,-0.27432300218247563
0.6161097532983392,0.2879458040186587
0.27688447672350447,-0.3295196509314542
0.5555513584337947,-0.14739156008824117
0.7236801744350193,0.09312784435132959
0.039630762847536194,-0.3148607350340935
0.3560829134118453,-0.3941807102606636
0.8001745639036133,0.26165209171479326
0.4512087828000847,-0.268076261634563
0.44427783838901624,0.037751923660486686
0.43816381742963983,0.12549599173240755
0.6090756990884977,0.24740127691253194
0.4474018252286358,0.013435664943840797
0.1063285276162807,-0.3505132429680995
0.6653862886609596,-0.09117116358021327
0.46194521034098296,-0.13288422404236155
0.44213282124048464,0.16793894328476686
0.4391610427889918,0.23473023199838855
0.26038412130608224,-0.4137260207085205
0.19653846389290136,-0.3355112937915873
0.18074517319393582,0.11702909609697748
0.9000927067553884,0.3269906753778673
0.777806278486224,0.16488059206918618
0.6503778324630574,0.25048130072234676
0.03235124591106031,-0.30474531160285756
0.1113155531843818,-0.11946115487048004
0.44772491011685417,-0.05924225574010611
0.7645905063895249,0.04376674570422007
0.3229014155343721,0.14944121273582
0.8696322705871468,0.18692837970393325
0.32749009694824205,0.25274222735481466
0.5701500088824734,0.1885887265331509
0.6219607543903751,0.1559129518437537
0.15489400310896062,-0.00959778255617455
0.8634308946311454,0.2783896204461902
0.23062502147121522,-0.4162318908832132
0.5952254575742771,-0.03596700401491171
0.1109400197499302,-0.06852075591306184
0.22119157638691145,-0.4163851131868399
0.8164472152157948,0.12368949646621286
0.5202412282366518,-0.17656279085028503
0.371886879696038,-0.1709382907270851
0.5398402947708869,0.24223818541199094
0.5062589217196659,0.012727912569361455
-0.04852430198990282,-0.268214990595528
0.49733636414772153,-0.2151959877780355
0.6027651151584368,0.20747600163144198
0.2040852703463014,0.02401056780359828
0.228007541722322,0.08667083818528915
0.2521049714403518,-0.3313675328695468
0.19389893419775855,-0.33570813142789113
0.22837158155988635,0.02564108747420457
-0.1222659019256338,-0.3592854903564271
0.34794397280791234,-0.09135551904686057
0.5720113997877746,-0.05977079485945863
0.3770743699452426,0.04017549185205693
0.8870003839974214,0.26549727583508154
0.39930771552313443,0.3137564260030793
0.26451956429846035,-0.35291992093633484
0.8497399386268129,0.209898663585263
0.09690638994976608,-0.3334527066967071
0.1300493698623827,-0.31757529594783984
0.9055270852403885,0.26950854482336717
0.035730437940456994,-0.3838052349642399
0.46454970322882405,-0.2503907526804775
0.2956921515747761,0.27076863344037894
0.7399135061956332,0.2664510365725703
0.2601098246337209,0.04396441830493236
0.3602848676223288,-0.3233002339491229
0.604895563747119,0.19662612403514151
0.36962966240426964,-0.2997537366066019
-0.012035470388245928,-0.24190862785747502
0.333766108537201,0.22687061603169037
0.29941832601704677,0.22455834625048315
-0.006007422052783096,-0.35061574725008626
0.47773005882968933,-0.31454199422367224
0.8950670972340707,0.320328431744547
0.2965569440429993,-0.03597429514757322
-0.16895292405312817,-0.3627670814514432
-0.10756926471499806,-0.358189518094596
-0.006291631035646172,-0.1309764220544014
0.33909517302574077,-0.10095730278498771
0.333766108537201,0.22687061603169037
0.3749632035351667,0.22994280681511117
0.297020346080501,-0.33720673477392304
0.1643216984196384,-0.006939885042087535
0.09516049774740273,-0.08943901857398812
-0.020890429863160365,-0.16457435491214423
0.6207070635511558,0.24826866260325967
0.6746790331442656,0.02816904876544557
0.8800468981275311,0.30041677218479107
0.07217984064891539,-0.119903529554095
-0.024628318799345794,-0.24823812085129604
0.49147954880633943,0.004066776704851116
0.984995595379522,0.35007905054420346
0.6000500921416292,0.29848069461464555
0.04304192516189914,-0.07566342097616097
0.6626244477362306,0.15675197428577098
0.4935839374876231,-0.21190126369043472
0.5729773285381226,0.2770581274732491
0.35422752243051314,-0.2566963407846051
0.3380039653203218,0.2566516655633698
0.616573676987979,0.2479604235853305
-0.10756926471499806,-0.358189518094596
0.3500595072144516,-0.12800835504958996
0.3436884963571083,-0.20955730424493368
0.7483228773746423,0.10759320381277848
0.32642455484774735,0.15334872688104462
0.936552416067095,0.32830436258760054
0.22374331129604552,-0.37498222737943654
0.5323156617693527,0.021081825050631997
0.9798642556132732,0.34736131919820246
0.753002654142245,0.15208841616492097
-0.19082026875703578,-0.4505546051835756
0.47156033599406555,-0.05972554673832858
0.28939425894247495,-0.012620629941135053
0.747862788617176,0.04039713800422451
0.27452872514247373,-0.329695326383707
0.46587005075530546,-0.17931289767395375
0.007298540024881062,-0.20591399856695092
0.36757211140772017,-0.30450024791100017
0.6554545692717826,0.28825196620859544
0.4113234513434142,0.21900927163085065
0.8757515080676889,0.28818657146253124
-0.10353665177921667,-0.3578887940679377
0.7385219737581192,0.02166066796745736
0.47159467390615817,-0.1123605058347531
0.32928248158509565,0.22653625853878376
0.3442211058125883,0.22765027649735478
0.9453838291784257,0.3638423085832957
0.6742692792832141,0.2750288050458941
0.45653512348501507,0.05808834262226764
-0.09421428454307679,-0.41221739271504587
0.5600612114400567,-0.12377507854384917
0.35147111474278603,-0.4002943818841286
0.3171730055876184,0.03297867892235384
0.3664392506140536,-0.3228412831734493
0.4144648832184853,-0.23644905757583068
0.4541631573518289,0.30977628266470497
0.18451384456267478,-0.3396223551235523
0.09261505394252981,-0.09281340862778265
0.3845811400194305,0.2942340111648416
0.5014056509344829,-0.20153234020126276
0.8903010695379665,0.3140103050496834
0.8927376026202526,0.31724031664250174
-0.04774220610309948,-0.32753724155085595
0.8181353690929074,0.21834320709971572
0.39850894503014267,0.06312741554146328
0.3796475400470287,0.2866028890608897
-0.029217682506497034,-0.2840497569437911
-0.006490311319854447,-0.11661687197101145
0.44767721195077337,0.14378349162461895
0.04418030813380491,-0.157021357042178
-0.08873231061005737,-0.4203880190246301
0.08612901639484052,-0.19530621843882667
0.2991310247157185,-0.32786065920623697
0.8140332003369021,0.3280300407126143
-0.1419262684505348,-0.4037351834365033
0.48910190647843405,0.04457279939524417
0.5820561326574395,-0.18418174168399082
0.5690147344520307,-0.1753893530910282
0.12656641418891795,-0.3928222804081629
0.4792541107420949,-0.22318365688635344
0.2929115561160891,-0.28200112821187306
0.40441629065134876,0.25964003754525555
0.8538229889721424,0.2656528154806004
0.41280801064946726,-0.11353083642093043
0.14724703887262475,-0.10425851450165802
0.3593679938018679,-0.16756908723212827
0.5493045185598929,-0.1380347834318768
0.6828867042641585,0.1573100016639385
0.36601627241990564,-0.27001204685186564
0.40478135966915046,-0.1661184119231487
0.22249618878274569,-0.03278162871529228
0.36361483343023815,-0.035548493544073245
0.5572708919746281,0.20706644746169484
0.4083519056297963,0.24312419211960526
0.4124876157199433,-0.31940731864568594
0.39611260089262224,0.1962288948370271
-0.022747837609787047,-0.33834107232008803
-0.22829152276159936,-0.41792204572838476
0.4547765513950426,0.13465225163235084
-0.15586999064961649,-0.3617914479164971
-0.1269528996703252,-0.35963501381855145
0.38382203707048945,-0.15068670728530809
0.3110071763968908,-0.31102646355041497
0.4119023169686298,-0.3201832251029998
0.4382515422365385,0.192835342135158
0.1768306737662558,0.01882777133592206
0.8060071710085525,0.20671876678860693
0.2235905522248624,-0.02701537956191602
0.6948583216697874,-0.03833651998709153
0.7567077503846185,0.05095594762768785
0.3078784261853491,-0.3272083392750572
0.31083771377263325,0.1074917327262302
0.5939493186206085,0.25591000547185216
0.3214184060194569,-0.36155927916079633
0.5301901805749517,0.2278464015778982
0.8055427121281711,0.2841843480877307
-0.035893831340769844,-0.2737355450790292
0.8365975198303613,0.26436826064633134
0.1553547900194801,-0.25660624068550053
0.28035477302220047,0.2228875727441119
0.5459227474456672,0.13234720429581714
0.568849067948617,-0.11212537897480335
-0.0878878585783951,-0.22963865676252615
0.29804357324596237,-0.21789362132402446
0.6789272828555495,0.04512978895786812
-0.07152946912474717,-0.4114779965225016
0.6532329521068019,-0.07787747630219322
0.5870841416222613,0.2537054024291847
0.3660598745587036,0.2292788589026527
0.43926913215776225,0.11059874403006936
0.6609628509575286,-0.09061439421777323
0.5100198195366203,-0.14652430118215554
0.558730448960438,0.03451601814711147
0.4409490435316346,-0.1020502074516415
0.37278650192923013,0.14562394454523825
0.2566426059130248,-0.34055751415286417
0.2998859046631751,0.2243440677377551
0.3024179745365714,-0.4073186259289411
0.2272305432183755,-0.22193265393335204
0.6093260472985236,-0.05846671392610214
-0.12848778902189828,-0.3597494751153907
0.8201455313277342,0.15840875832119322
0.7887549900818285,0.1793948482626818
-0.024102063025449927,-0.23615222214593945
-0.13832138631892787,-0.341683359793747
0.6858727864212455,0.007642696733206722
0.4377861176326895,0.13516636654007774
0.6342684308255133,-0.12251551668422223
0.1214712999017776,-0.05455987139850832
0.1370428172712873,-0.3399480623844604
0.09481009891803588,-0.429867453914628
0.7613784030240685,0.12558677667920293
0.7481214005526852,0.25777033139401057
-0.15344587521365616,-0.41900625184928264
0.587483324678763,-0.003758173830827438
0.5835731668440381,0.2454994766880455
0.5631050172161554,-0.03095151228383025
0.20401913392934468,0.05167510256250857
0.4124876157199433,-0.31940731864568594
0.40382048097863443,-0.3308969823381157
0.4520115475515447,-0.3164599006516843
0.6628470604925265,0.2514111684091436
0.04988145086202023,-0.17724965054762876
0.8185552022068138,0.2535346010763272
0.882458232138879,0.2677882313428646
0.24687207189741817,-0.05582741512292311
0.5852586263372366,0.14564565686242398
0.42413584059129117,-0.20791060589017252
0.23115974943568424,-0.008916169675027175
0.8180254160473527,0.26298328323290665
0.39729149121082696,-0.3395521952686227
0.6251472388132642,0.19516618504296787
-0.052420568924517574,-0.43810518741397697
0.4591665794325652,-0.3159263284908065
0.496420128067278,-0.21455804523004796
0.7078111374153673,0.07209091531761924
0.4562197903241618,-0.2614333752678064
0.01955239924269425,-0.2524658838099447
0.7947433462594005,0.1722118946744168
-0.18832222007884003,-0.3737343531359709
0.5584261571134259,-0.12351311212717131
0.87094237196265,0.27168656721864726
-0.20774204710263788,-0.4181727437759002
0.6771427465211861,0.11807944375741625
0.40316881279199535,0.2499995016147801
0.6310268132840575,0.10711827451374178
0.3334178787388537,0.2264089821249711
0.8919229280950848,0.3161603361654065
0.6296772544293359,-0.03688072505465845
0.25949638881394776,-0.29293932045308213
0.2813230120732002,-0.3585846471223345
-0.23034001548648764,-0.41759777249178054
0.32613696550699667,0.21736791122516422
0.6387402373850335,-0.019473533138403387
0.8156659906019323,0.2628073338095809
0.4448892649812426,-0.31699103059835854
0.12622042334333147,0.011463354568313988
-0.035314904819489845,-0.3528012940330715
-0.15503514898662335,-0.41961904530296235
0.051618904828155454,-0.370267986044563
0.17090105025914942,-0.33742315252532196
0.8538229889721424,0.2656528154806004
0.04832089626501618,-0.34656432180800256
0.3738737579854693,0.24648932259602493
0.8781886807520847,0.29761832362196544
0.6122519919348963,0.3292932897381378
0.5006713577207441,-0.2025057624831711
0.15705792695273335,-0.24336521160737346
0.024215086180555068,-0.09510024399399986
0.16168250591027622,-0.33811060699235573
-0.09532888881591506,-0.34196295571301827
0.8454014378880593,0.2544887119316438
0.2065570932812052,-0.3209470204317775
0.5781385853098377,0.23499360396474306
0.628290943487394,-0.11878463253185001
0.49723429988592693,-0.011801029229623838
0.4124876157199433,-0.31940731864568594
0.5388612574944813,-0.05884067154230871
0.16995031253225004,0.009706759718971003
0.507410715009549,0.11931490702833819
0.8586083279443489,0.2719965423391295
0.49981954771503073,-0.062315075120886076
0.8114889383628123,0.2095323075206593
0.8017828012107782,0.1966652811090415
0.3716554274671096,0.21371860273846818
-0.13787736441400344,-0.39836771805247695
-0.14116161016550643,-0.4061748512038882
0.5080280957754341,0.25935396781187275
0.6663427449549255,0.07144139505876851
0.333766108537201,0.22687061603169037
-0.08460420093841503,-0.3564769444949629
0.8779974301368824,0.3093319964905409
0.7624781727807278,0.2588409589059951
-0.15915747447792472,-0.318182775577053
0.24632367107137604,-0.20285921686105235
0.6955949556792574,0.13892292325387107
0.4216773709231223,-0.3072248385237327
0.47106999406115035,0.3198586099076027
0.31130594427806957,0.19709610097953578
0.4313624771763781,-0.29142463139291896
0.5877424447064374,0.02215542080521471
0.3621212500893418,-0.3065217385623159
-0.10756926471499806,-0.358189518094596
0.6886691670388364,0.06892128207456527
0.7316056409249945,0.05265115965760636
-0.12383082856513239,-0.35940219162380616
0.41732694783228563,-0.1240261912145817
0.7228336006245503,0.25588454440160147
0.3047958779369004,-0.003098339431560959
0.38259254054615505,0.0010819321309454288
0.483354595404819,-0.033664833167942665
0.46816486302467397,-0.33702647451848133
-0.010943298885325525,-0.23009645337647455
0.333766108537201,0.22687061603169037
0.5373613775625987,-0.22726213807999773
0.7700251689544755,0.17259908097192
0.333766108537201,0.22687061603169037
0.4286415971218428,0.23540701132408376
0.9224783048325933,0.34092089054642605
0.8484153906300682,0.26524955467330846
0.6471392458714502,-0.02974295018752937
0.8048566232433605,0.342232321316885
0.6116283211674733,0.0885200754692434
0.6398845323837502,-0.08952325598341732
0.011709280432658509,-0.2000668616027088
0.5524036553949738,0.24317507284835066
0.24775477942704172,0.037346461570964495
0.42008694189534945,-0.04697571341231366
0.44494915717098404,-0.1509464560507685
0.4697572718148644,-0.27929952954173765
0.3657543901562679,-0.1626152549195582
0.29880095147407015,-0.2571111205287244
0.34577093154978644,-0.08389717093575416
0.7323172356283756,0.133796225291259
0.517471549361184,-0.1912180637535945
0.2810174730245855,-0.11201016680838927
0.4661602964093464,-0.2482556556107014
0.380642828637793,0.039533066115907955
0.14175407802366113,-0.20059831022251806
0.5417304844580997,0.09492461016751769
0.6389592546986694,0.02126427372259032
0.181718421201785,0.09706056303410648
-0.0990864347750296,-0.26055074466921124
0.3818071097539253,0.10368528851411651
0.15616396230758345,-0.3972555605843713
0.25758006241904713,-0.008516940527755923
0.8252681146395909,0.2911988423083214
0.16480050311263522,-0.3782363927659065
0.4286857749598598,-0.016944348386558894
0.5488427787309929,0.08033998548359889
0.5340875851893294,0.17051136119016805
0.6522909609765604,-0.001509896769204877
0.05092636010776663,-0.14550701563707968
0.023513049260981966,-0.18441909123931166
0.4030680788346861,-0.3201097617282481
0.71988940840054,0.25077393930504566
0.6491153022597995,0.2503871500630726
0.2251904489245945,-0.16172644997430485
0.18685857791114732,0.03212135100251978
0.654522942523921,0.2577463884548163
0.633688965019911,0.2492367618841812
0.19481560302552553,0.06222509859209702
0.1842360778379061,0.02864481062622881
0.7730137569597849,0.1585273435942237
0.7749821735062827,0.2814011455423718
0.13401263246307904,-0.32024212918694084
0.37125517894004456,-0.2942806448235502
0.49413409079974113,-0.31331869641998444
0.3724877683804542,-0.08714862553726321
-0.11211061917161202,-0.26486431902890595
0.2740950921066817,0.1477672062618562
0.31209531332565005,0.225254559916044
0.333766108537201,0.22687061603169037
0.13533048322051405,0.025330339857244588
0.18429587434537253,-0.3364242603678709
0.5878202838956084,0.10143240599668979
0.4315227945803711,-0.22706227993947303
0.334265158685215,0.2275321862665466
0.4070511067003906,-0.3805517943955863
0.34372075928236445,0.16557848532616173
0.6069727706915167,-0.061586355837390694
0.5163483580718161,0.1413070419263831
0.6508762071820018,-0.039220094673741435
0.01502021932048081,-0.3490476530427833
0.15877440403688434,-0.005108682050627034
0.4313292906096834,0.23312500439442388
0.583227713773826,0.24547371521776554
-0.002746731700427718,-0.3554802428507645
0.3132844908607464,-0.2854893569390423
-0.17227209841503066,-0.44396340085395447
0.8276352848286401,0.23093685427007318
0.3758227986900672,0.2826234386536894
0.5504234733347821,-0.1028136164274549
0.019017066119547066,-0.40869679219052013
0.07679355961924497,-0.11378731226629668
0.49178426304568484,-0.14606006670731853
0.21983778422502143,-0.19916584888592104
0.38110727129416255,-0.36100694929252497
0.8421266786255615,0.2647805865807576
0.6125854858096548,0.247663012222195
0.6024669491214364,0.3124191651884374
0.5902998680818925,0.19239538197097814
0.6727741183050485,0.16331500392068826
0.7427872020356059,0.2951025901515746
-0.029765910306091325,-0.3523874888897195
0.7572389187044172,0.03487243217732011
0.29252604622764,0.22379522104713165
-0.17846180361056485,-0.4521688381956651
0.724597475421616,0.01686812260753029
0.19533137328700412,-0.3356013101540122
0.8431889294317406,0.2515556805621648
0.500950895756181,0.31846126626452764
0.7605764739549776,0.20414002744495235
0.6734624901385429,0.13754774627076993
0.5514071434489511,-0.10696205977945772
0.30239404464368225,0.28547356033055116
0.41294364878712453,0.15326102160342253
0.5135796748644831,0.2357490292938228
0.5603136702170277,-0.12344040433718506
0.5163234843241533,-0.09346935647015209
0.42611023018379635,-0.3486389912723765
0.1795729762079356,-0.1441098544181434
0.6584643846156506,-0.05612381428218011
-0.014590195516670568,-0.34312673812159755
0.751776701686051,0.15489786679644424
-0.07867568429056798,-0.4380472609963345
0.02956286885376702,-0.17639909448194302
0.5885556183684526,0.3099565507785102
0.26773153844839026,-0.17001275606442479
0.24982702074226149,-0.1748381607419407
0.470503687591694,-0.19877756278687164
0.7422540621391758,0.03193067667236804
0.3503303886836603,0.22810586402193012
0.2641344496625384,0.1345627926627126
0.718802810947582,0.25558395634081466
0.43857493335018194,-0.3136018478343999
0.40792262348125663,-0.31974774379174953
-0.1509138664765759,-0.3826722183902871
0.5595138978545839,-0.13221082891169278
0.04147193500911178,-0.2687628446189544
0.4237583226053595,-0.15531147319900185
0.2038549600872444,0.1146600535649363
0.5116113938892441,-0.1449501706146996
0.7509838618632161,0.06283449574573607
0.07717613133086565,-0.34441250049081695
0.28397081744120434,-0.005301544056330043
0.3118335421588039,0.18624490972985364
0.34421484218221593,0.07839636002236927
0.4267057812488699,-0.09030208116473115
0.02972645166511556,-0.1761822394837972
0.850656721866666,0.28220791628218206
0.24196666469193284,-0.3068930992325206
0.5061916905134007,0.28767935835503783
0.2853198111928679,-0.18314453466856417
0.6181321342847398,-0.04679284696339392
-0.029864889326048916,-0.39444979148252446
0.055173193081391125,-0.12186668660291211
0.6001220329825013,0.08635251398583477
0.4468371641135341,-0.12657346894951282
0.6417399685799863,0.23549566875660022
0.8799775323394039,0.3455230066953203
0.22471322393639925,-0.3040363332704201
0.5614110167537842,0.23952790188292428
0.38885998281476497,0.23097913127498204
0.29125450656970414,0.26399867982673453
0.5030066463891825,-0.034272410641562556
0.4153368198406284,-0.12091502259110332
0.47328595557425623,-0.02670222732220684
-0.16260162447037835,-0.33062249441196256
0.17822943179492326,0.020682047266337322
0.19723379041203926,-0.33545944121014515
0.4222634391261245,-0.33857139332133623
0.31191273550454757,-0.2918112122272094
0.4834461928210797,-0.31411572498876594
0.8960039365998133,0.3533059533434817
0.27363659478961355,-0.4103238251550114
0.7306648566617662,0.28231465459500954
0.45703754557136655,-0.029157121930784236
0.5775446304103645,0.2511110876012791
0.15955951004904856,-0.33826892515334317
0.3919518285485349,-0.18849440669591522
0.35232939271128355,0.3191924897880637
0.2644188701159788,-0.16237336732812713
0.1243530905650107,-0.18615809121701776
0.07901675480712561,-0.2518674140000837
0.5810496447958187,-0.12850897735432543
0.4124876157199433,-0.31940731864568594
0.46114250528599215,0.18009281792804727
-0.14669103572593567,-0.3611069457514935
0.5489569400395572,0.1246347790576367
0.7210142609439466,0.2806383960221045
-0.20259541543182868,-0.4086629647751806
0.5641069985194269,0.24404782620350668
0.674072565397966,0.2522482879369025
-0.10554968731854109,-0.3555122474880217
0.40529365457851846,-0.15394767603141335
-0.04804696433077604,-0.35375076185080156
0.27227911164037416,0.14535983572330324
0.4122960553374205,0.23561317446629243
0.1998732940043862,-0.3125306825886648
-0.07311176347540482,-0.30855887034362117
0.4818523267688378,-0.2274533770188346
0.1565055424845085,-0.33849666866305206
0.8789304229497525,0.2989367070079476
-0.20206005073098765,-0.44303299588410383
0.11947017248452341,-0.3832617230114508
0.5255041461112807,-0.16958595730318915
0.68329419905688,0.18432553312561306
0.2686447607373772,-0.3301341112353138
0.3508161851556894,0.24947320063706246
0.3505314095571147,0.2589935179533779
0.5421950404680661,0.1648828354060292
0.9099983733317428,0.3401222097324915
0.07140739871117296,-0.41840410315582044
0.46251660116651866,0.26746647862982953
-0.006041408061138065,-0.2716464024968199
0.5204381005452398,-0.1756342793309017
0.45284456936255346,-0.2475680045980747
0.18694001637178287,-0.32648243624494755
0.6070738340116622,-0.003718469552714765
0.5286176002627834,-0.16545857931839025
0.3739319328716617,-0.33403516628087393
-0.16700384362814574,-0.42439959166575625
0.04874381046379217,-0.11869610973646094
0.6595232232899748,0.2511632999121106
0.212715482904603,0.09675040517479605
0.20144469507579094,0.04457798583394318
0.07040125163740832,-0.1222613317804605
0.5023552561587555,-0.07434775197047971
0.48527760708848877,-0.09316929043707411
0.12242962773704683,-0.053289455642553996
0.4391930900664338,-0.3174158114251351
0.5938582164844004,0.23530143654844604
0.4455614383702561,-0.29333655751246035
0.46670119714419817,0.23678398380754473
0.6487399240086418,-0.06759745160229802
0.3700634326862784,-0.2137593547565172
0.6479785700441523,0.018994351873265314
0.7293959680147617,0.24130393536461325
0.5936581634173268,-0.04406580932671861
0.06708746715034242,-0.1197202746492324
-0.012933876783753018,-0.37355565807863655
0.4862694124742567,-0.21885316620176865
0.47675056493182894,-0.04349805849292471
0.2080196802383063,-0.22004860892122735
0.22504738882639808,-0.2867864011619443
0.11188016745306967,-0.318400300199969
0.3924964586039066,0.2205207932005249
0.46308792763356293,-0.1439457487646646
0.07234895132356248,-0.11967934649516154
0.03327668235961306,-0.3591370950060736
0.35322980822143313,-0.08567180986179979
0.08689423321315815,-0.34368779252204884
0.6579216024125388,0.14730794653554224
0.6239633177792547,0.2756278920883086
0.21946496461820972,0.07206685821689118
0.8608000357076664,0.2749019990862807
0.4293059623447394,0.1416321925197223
0.6430156012678581,0.2499322770879274
-0.009946153418511294,-0.13481703541433443
0.049446161367027286,-0.2133882980862658
0.15649771432785464,-0.2140007098352653
0.32977402773092057,-0.23781633324036
-0.10015656491593172,-0.3576367308652032
0.4879853554740555,-0.3137772260322834
0.6640024339542026,0.014015520784851354
0.6746393294677528,0.025654092867822387
0.46931674507669635,0.2369790330519687
-0.03763292593527878,-0.3529741558115064
0.4336777550439321,0.2343213268055819
0.5460950468926196,-0.14228944788420128
0.37654906120390763,0.2300610689720415
0.36628751870161624,-0.07098587150709995
0.1587814775324743,0.04801341143067761
0.8131466156167652,0.21172982200808635
0.509163917675395,0.19238341258376263
0.37304492984975124,0.2297997554000368
-0.17247670636148993,-0.44423464118467304
0.2857659407661785,-0.21452151551055088
-0.04203594816352907,-0.35330250236869676
-0.10756926471499806,-0.358189518094596
0.18153187261457354,-0.10675699677831973
0.4809125349449635,-0.1753867985369133
0.06215797354663727,-0.32284722533948507
0.4940891796873104,-0.18353769598516645
0.8954138369511648,0.2687543696033393
-0.1535136037109186,-0.41909603672965723
0.35798360306150045,-0.40417671045024284
0.27216398202324577,-0.25523097141696705
0.5988160021221793,0.008909061663517681
-0.05240963312526148,-0.44459788033448855
0.333766108537201,0.22687061603169037
0.043512147787878486,-0.15790710970398014
0.11959066609665889,-0.023962130046371988
0.2301665403872627,-0.42019265917958604
0.5209762719540255,0.32429517108190303
0.3527868274128073,0.22828904801643496
-0.06257295704947208,-0.35483400864168857
0.6364451066073258,0.2066988930527083
-0.1682288152159302,-0.33348611889846425
0.5799811030709098,0.1125091495500703
0.19756783808532785,0.022265521793060128
0.6759983244952983,0.32857392916275163
0.6372877875765401,-0.02139898605079249
0.06333173307148121,-0.15658078730445024
0.5768405861613047,-0.04550147884315103
0.4124876157199433,-0.31940731864568594
0.9105090642735882,0.34079921168846755
0.9387560609158347,0.27198652907972465
0.5267593342203039,0.27816725710146417
0.6100632394756929,0.2474749207574668
0.21570861421458845,0.09747613184271642
0.1517056662833923,-0.014479416663821743
0.5300606308302656,0.06336026403769562
0.2975255746422467,-0.3094989490784843
0.544945132283813,0.1865626356571233
0.6047435331171501,0.18506983209651395
0.48426620535649845,-0.3140545741975821
0.25066606766890326,-0.07035376859430037
-0.06615081322775052,-0.25540061351889387
0.80429165788479,0.2347535136842951
-0.07795930364658926,-0.211197083367892
0.47569057360444966,0.20220300446629508
0.26367259554956063,-0.25764546183380366
0.11928366040758709,-0.3412724159108602
0.15312235341245875,-0.012601372863165483
0.3402504682366642,-0.19555652326205253
0.14236416537991137,-0.2494702436531876
0.850226998274649,0.29854592349211045
0.499648338732405,-0.18043138168143547
0.27517532617992446,0.0829025685113271
0.6754195785201023,0.32467102363072337
-0.10756926471499806,-0.358189518094596
0.46629576242081083,-0.24807607389656672
0.31151576779840334,-0.1987932655976471
0.3975722050842969,0.05196411916095184
-0.1454990906038789,-0.40866829132307847
0.33049788053498774,0.0215061144987716
0.09585436244941598,-0.3373301317348055
-0.10756926471499806,-0.358189518094596
0.4378592335967738,0.13061834133167283
0.675679429273603,0.252368116589607
-0.17126442510234263,-0.3849678643146319
0.807092732385617,0.2037044382526437
0.41041739789427323,0.15629235874478326
0.03608987188325108,-0.22566220831285555
0.886640899270987,0.26810014536044313
0.37543901693943105,0.22997828964600692
0.7331917366562494,0.18926690986684147
0.7785713649000474,0.1179887636690427
-0.029910574408558155,-0.19265256636186412
0.23422746559372354,-0.3327007120341281
0.4349281403794908,-0.31694389015531954
0.30169425537526157,0.18435428072339358
0.2730605445953491,0.13714389227129936
0.02724756833300923,-0.17946839305920248
0.4703907814994299,-0.24264747569984457
0.8301170077401178,0.26564115459197823
0.7761188944252787,0.3108254049090414
-0.1682436613912257,-0.4386230677460533
0.7890166851004115,0.260820015268058
0.7984252539829114,0.26380581757960475
-0.04047031598060091,-0.3805460540253395
0.8538229889721424,0.2656528154806004
0.38419274886536625,-0.2496738656462727
0.3295988001070947,-0.14074496264331915
0.45831003712167884,0.3176999916692695
0.19636381715430096,-0.31573357236701627
0.1798955197748182,-0.200527960590151
0.32487313177848287,0.2262074401151201
0.28050787495256035,-0.26701243028396415
-0.12304779080429207,-0.35934379815232365
0.3388626371817982,0.10897362836138086
0.32675859735164026,0.21758104695884653
0.21545898351353043,-0.42078770426836964
0.28265662085341714,-0.32908920485273496
0.3533583137050835,0.22833166546118608
0.30904068235275906,0.22502676693398713
0.9048359673887357,0.301798432590367
0.21216245638376863,-0.10630122986285961
0.333766108537201,0.22687061603169037
0.6834216904182553,0.24369568928057375
0.12600112985030198,-0.34077147409176256
0.3004255032642429,0.02031064601625976
0.9130845829269237,0.32456055982860127
-0.051256369491981035,-0.42839995239531725
0.41566492262715315,-0.3502833904626901
0.26336186953179563,-0.2168257149672439
0.33640688146706305,0.23037137998169283
-0.0583261788202899,-0.2929099865083372
0.09951399498569799,-0.08366776652277325
0.16431870609196897,-0.3379140176478437
0.024816541072069875,-0.2722516062507384
0.559533209487057,0.22848866544396057
0.030517155305025745,-0.3421355458642017
0.3774452546011739,0.23012790079829964
0.7128906912447369,0.07882467069918575
0.36615964583545535,-0.32286213413936937
0.6697309364525152,0.04854539448653883
0.8617285084139528,0.26624235374703603
0.48214432476981495,-0.3142128091892059
0.2580396847521629,0.22122346976505922
0.24019229973638656,0.10194410456048786
0.4884190435377248,-0.2617114204237162
0.8283260574270461,0.23185258306401968
0.6045208640462608,-0.08427472931516905
-0.013450409734150237,-0.23342002700863984
0.19043062718518225,0.07507258206568623
0.18289564116589163,-0.3122674226408799
0.7440938099374587,0.2574699818968409
0.04807026489189242,-0.3465830121402842
0.04633782523902241,-0.0763167377379772
0.07751117509508548,-0.34438751527366684
0.20744109730758103,-0.2526188228160382
0.7765349408211901,0.05949733701540749
0.878790810746117,0.2675147407435318
0.7487830819265853,0.08581994661457543
0.3388494359933676,-0.37051032103050885
-0.10802741079298306,-0.2613036613992923
0.7573846568100221,0.1378084889904978
0.6555786772717271,0.17009269944829558
0.1237110700646839,-0.09835043625288353
0.36381703068312077,0.2575841030474074
0.1070547828176332,-0.3733242338900924
0.14969756755882507,-0.23862076674044064
0.18870140794598705,0.11669679975362324
0.21719443323876517,-0.016879115568210312
0.5570589459148217,-0.19613026988230298
